[{"_allAttributes":null,"_properties":null,"_methods":null,"file":"/Users/manish/Downloads/SalesforceTask/force-app/main/default/lwc/accountlistview/accountlistview.js","metadata":{"decorators":[{"type":"api","targets":[{"type":"property","name":"AccountId","value":{"type":"unresolved"}},{"type":"property","name":"RelatedObject","value":{"type":"unresolved"}},{"type":"property","name":"Fields","value":{"type":"unresolved"}},{"type":"property","name":"RelatedField","value":{"type":"unresolved"}},{"type":"property","name":"TableColumns","value":{"type":"unresolved"}},{"type":"property","name":"Title","value":{"type":"unresolved"}}]},{"type":"track","targets":[{"name":"listRecs","type":"property"},{"name":"initialListRecs","type":"property"},{"name":"error","type":"property"},{"name":"columns","type":"property"}]}],"exports":[{"type":"ExportDefaultDeclaration"}]},"updatedAt":"2022-10-01T18:05:14.672Z"},{"_allAttributes":null,"_properties":null,"_methods":null,"file":"/Users/manish/Downloads/SalesforceTask/force-app/main/default/lwc/accountlistviewtask/accountlistviewtask.js","metadata":{"decorators":[{"type":"api","targets":[{"type":"property","name":"ObjectAPIName","value":{"type":"unresolved"}},{"type":"property","name":"Fields","value":{"type":"unresolved"}},{"type":"property","name":"SearchByfieldName","value":{"type":"unresolved"}},{"type":"property","name":"TableColumns","value":{"type":"unresolved"}},{"type":"property","name":"Title","value":{"type":"unresolved"}},{"type":"property","name":"country","value":{"type":"string","value":"India"}},{"type":"property","name":"state","value":{"type":"string","value":"Rajasthan"}}]},{"type":"track","targets":[{"name":"listRecs","type":"property"},{"name":"initialListRecs","type":"property"},{"name":"error","type":"property"},{"name":"columns","type":"property"}]}],"exports":[{"type":"ExportDefaultDeclaration"}]},"updatedAt":"2022-10-02T18:04:19.747Z"},{"_allAttributes":null,"_properties":null,"_methods":null,"file":"/Users/manish/Downloads/SalesforceTask/force-app/main/default/lwc/filterComponentTask/filterComponentTask.js","metadata":{"decorators":[{"type":"wire","targets":[{"name":"wiredRecs","adapter":{"name":"countryStateValues","reference":"@salesforce/apex/AccountlistviewController.getDependentMap"},"type":"method"}]},{"type":"track","targets":[{"name":"countryList","type":"property"},{"name":"stateList","type":"property"},{"name":"selectedcountry","type":"property"},{"name":"selectedState","type":"property"}]}],"declarationLoc":{"start":{"line":4,"column":0},"end":{"line":54,"column":1}},"classMembers":[{"type":"property","name":"error","loc":{"start":{"line":5,"column":1},"end":{"line":5,"column":7}}},{"type":"property","name":"countryList","loc":{"start":{"line":6,"column":1},"end":{"line":6,"column":23}},"decorator":"track"},{"type":"property","name":"stateList","loc":{"start":{"line":7,"column":1},"end":{"line":7,"column":21}},"decorator":"track"},{"type":"property","name":"selectedcountry","loc":{"start":{"line":8,"column":1},"end":{"line":8,"column":24}},"decorator":"track"},{"type":"property","name":"selectedState","loc":{"start":{"line":9,"column":1},"end":{"line":9,"column":22}},"decorator":"track"},{"type":"property","name":"conStMap","loc":{"start":{"line":10,"column":1},"end":{"line":10,"column":13}}},{"type":"method","name":"wiredRecs","loc":{"start":{"line":11,"column":2},"end":{"line":30,"column":9}},"decorator":"wire"},{"type":"method","name":"handleChange","loc":{"start":{"line":33,"column":8},"end":{"line":53,"column":9}}}],"exports":[{"type":"ExportDefaultDeclaration"}]},"updatedAt":"2022-10-02T16:56:43.856Z"}]